NodeInd	Name	FatherInd	ChildNum	ChildInd
0	A	-1	31	1,2,10,11,12,13,14,15,16,17,18,19,20,21,22,23,24,25,27,28,29,30,31,32,33,34,2049,2050,2051,2052,2053
1	A.1	0	0	
2	A.2	0	5	3,4,5,6,2048
3	A.2.2	2	0	
4	A.2.3	2	0	
5	A.2.4	2	0	
6	A.2.5	2	3	7,8,9
7	A.2.5.1	6	0	
8	A.2.5.2	6	0	
9	A.2.5.3	6	0	
10	A.3	0	0	
11	A.4	0	0	
12	A.5	0	0	
13	A.6	0	0	
14	A.7	0	0	
15	A.9	0	0	
16	A.11	0	0	
17	A.12	0	0	
18	A.15	0	0	
19	A.16	0	0	
20	A.17	0	0	
21	A.18	0	0	
22	A.19	0	0	
23	A.21	0	0	
24	A.22	0	0	
25	A.23	0	1	26
26	A.23.1	25	0	
27	A.24	0	0	
28	A.25	0	0	
29	A.26	0	0	
30	A.27	0	0	
31	A.28	0	0	
32	A.29	0	0	
33	A.30	0	0	
34	B	0	47	35,1936,1938,1946,1947,1955,1956,1957,1958,1959,1960,1961,1962,1963,1964,1965,1966,1967,1968,1969,1970,1971,1972,1973,1974,1975,1976,1977,1978,1979,1980,1981,1982,1983,1984,1985,1986,1987,1988,1989,1990,1991,1992,1993,1994,1995,1996
35	B.1	34	487	36,986,987,988,989,990,991,992,993,995,996,997,1027,1028,1029,1030,1031,1032,1033,1034,1035,1036,1037,1038,1039,1040,1041,1042,1043,1044,1045,1046,1047,1048,1049,1050,1051,1055,1056,1057,1058,1059,1060,1061,1062,1063,1064,1065,1066,1067,1068,1069,1070,1071,1072,1073,1074,1075,1076,1077,1078,1079,1080,1081,1082,1083,1084,1113,1114,1115,1116,1117,1118,1119,1120,1121,1122,1123,1124,1229,1230,1231,1232,1233,1234,1235,1236,1237,1238,1239,1240,1241,1242,1243,1244,1245,1246,1247,1248,1249,1250,1251,1252,1253,1258,1259,1260,1261,1262,1267,1268,1269,1270,1271,1272,1273,1274,1275,1276,1277,1278,1279,1280,1281,1282,1285,1286,1289,1290,1291,1292,1293,1294,1295,1296,1297,1298,1299,1322,1323,1324,1326,1327,1328,1329,1330,1331,1332,1333,1334,1335,1336,1337,1338,1339,1340,1341,1342,1343,1344,1345,1346,1347,1348,1349,1350,1351,1352,1353,1354,1355,1356,1357,1358,1359,1360,1361,1362,1363,1364,1365,1366,1367,1368,1369,1370,1371,1372,1373,1374,1375,1376,1377,1378,1379,1380,1381,1382,1383,1384,1385,1387,1392,1393,1394,1395,1396,1397,1398,1399,1400,1401,1404,1405,1406,1407,1409,1410,1411,1412,1413,1414,1415,1416,1417,1418,1419,1420,1421,1422,1423,1424,1425,1426,1427,1428,1429,1430,1431,1432,1433,1435,1436,1437,1438,1439,1440,1441,1442,1443,1444,1445,1446,1448,1450,1451,1452,1453,1454,1455,1456,1457,1458,1459,1460,1464,1466,1467,1468,1469,1470,1471,1472,1473,1478,1479,1480,1481,1482,1483,1484,1485,1486,1487,1488,1489,1490,1491,1492,1493,1494,1495,1496,1497,1503,1504,1505,1506,1507,1508,1509,1510,1511,1512,1513,1514,1515,1516,1517,1518,1519,1520,1521,1522,1523,1524,1525,1526,1527,1528,1529,1530,1531,1533,1534,1535,1536,1537,1538,1539,1540,1541,1542,1543,1544,1545,1546,1547,1548,1550,1551,1552,1553,1554,1555,1556,1557,1558,1559,1560,1561,1562,1563,1564,1565,1566,1567,1568,1569,1570,1571,1572,1573,1574,1575,1576,1577,1578,1579,1580,1581,1582,1583,1584,1585,1586,1587,1588,1589,1590,1591,1592,1593,1595,1596,1597,1598,1599,1600,1601,1602,1603,1604,1605,1608,1609,1610,1611,1612,1613,1614,1615,1616,1617,1618,1620,1621,1622,1623,1624,1625,1626,1631,1633,1634,1635,1636,1637,1638,1639,1640,1641,1642,1643,1644,1645,1646,1647,1648,1649,1650,1651,1652,1901,1902,1904,1905,1909,1910,1911,1912,1913,1914,1915,1916,1917,1918,1919,1920,1921,1922,1924,1925,1926,1929,1930,2132,2159,2160,2161,2162,2163,2164,2174,2175,2176,2177,2178,2179,2180,2181,2182,2183,2184,2185,2186,2187,2188,2189,2190,2191,2192,2193,2194,2195,2196,2197
36	B.1.1	35	474	37,85,86,87,88,97,98,103,104,105,106,107,108,109,114,115,116,146,147,148,149,160,161,162,163,166,167,168,169,170,171,172,173,174,175,176,177,178,179,180,181,182,183,184,185,186,187,188,189,191,192,193,194,195,196,197,198,199,200,201,202,203,204,205,206,207,208,209,210,211,212,213,214,215,216,217,218,219,220,221,222,223,224,225,226,227,228,229,230,231,232,233,234,235,236,237,238,239,240,241,242,243,244,245,246,247,248,249,250,251,252,253,254,255,256,257,258,259,260,261,262,263,264,265,266,267,268,269,270,271,272,273,274,275,276,277,278,279,280,281,282,283,284,285,286,287,288,289,291,292,293,294,295,296,297,298,299,300,301,302,307,309,310,311,312,313,314,315,316,317,318,319,321,324,325,326,327,328,332,334,335,336,337,338,339,340,341,342,343,344,345,346,347,348,349,350,351,352,353,354,355,356,357,358,359,363,364,365,366,367,368,369,370,371,372,373,374,378,379,381,382,383,384,385,386,387,388,390,399,400,401,402,403,404,405,409,412,415,423,424,425,426,427,428,429,430,431,432,433,434,435,436,437,438,439,440,441,442,443,444,445,446,447,448,449,450,451,452,453,454,455,456,457,458,459,460,461,462,463,464,465,466,467,468,469,470,471,472,473,475,476,477,478,479,480,481,482,483,484,485,486,487,488,489,490,491,492,493,494,495,496,497,498,499,500,501,502,503,504,505,506,507,508,510,511,512,513,514,515,516,517,518,519,520,521,522,523,524,525,526,527,528,529,530,531,532,533,534,535,536,537,538,539,540,541,542,543,544,545,546,547,548,549,550,551,552,553,554,555,556,557,558,559,560,561,562,564,565,566,567,568,569,571,572,573,574,575,576,577,578,579,580,581,582,583,584,585,586,587,588,589,590,591,592,593,594,2054,2055,2056,2057,2058,2059,2060,2061,2062,2063,2064,2065,2066,2067,2068,2069,2070,2071,2072,2073,2074,2075,2076,2077,2078,2079,2080,2081,2082,2083,2084,2085,2086,2087,2088,2089,2090,2091,2092,2093,2094,2095,2096,2097,2098,2099,2100,2101,2102,2103,2104,2105,2106,2107,2108,2109,2110,2111,2112,2113,2114,2115,2116,2117,2118,2119,2120,2121
37	B.1.1.1	36	38	38,41,43,44,45,46,47,48,49,50,51,52,53,54,55,56,57,58,59,60,61,62,63,64,65,66,67,68,70,71,72,73,74,75,80,82,83,84
38	C.1	37	2	39,40
39	C.1.1	38	0	
40	C.1.2	38	0	
41	C.2	37	1	42
42	C.2.1	41	0	
43	C.3	37	0	
44	C.4	37	0	
45	C.5	37	0	
46	C.6	37	0	
47	C.7	37	0	
48	C.8	37	0	
49	C.9	37	0	
50	C.10	37	0	
51	C.11	37	0	
52	C.12	37	0	
53	C.13	37	0	
54	C.14	37	0	
55	C.16	37	0	
56	C.17	37	0	
57	C.18	37	0	
58	C.19	37	0	
59	C.20	37	0	
60	C.21	37	0	
61	C.22	37	0	
62	C.23	37	0	
63	C.25	37	0	
64	C.26	37	0	
65	C.27	37	0	
66	C.28	37	0	
67	C.29	37	0	
68	C.30	37	1	69
69	C.30.1	68	0	
70	C.31	37	0	
71	C.32	37	0	
72	C.33	37	0	
73	C.34	37	0	
74	C.35	37	0	
75	C.36	37	3	76,77,78
76	C.36.1	75	0	
77	C.36.2	75	0	
78	C.36.3	75	1	79
79	C.36.3.1	78	0	
80	C.37	37	1	81
81	C.37.1	80	0	
82	C.38	37	0	
83	C.39	37	0	
84	C.40	37	0	
85	B.1.1.3	36	0	
86	B.1.1.4	36	0	
87	B.1.1.5	36	0	
88	B.1.1.7	36	8	89,90,91,92,93,94,95,96
89	Q.1	88	0	
90	Q.2	88	0	
91	Q.3	88	0	
92	Q.4	88	0	
93	Q.5	88	0	
94	Q.6	88	0	
95	Q.7	88	0	
96	Q.8	88	0	
97	B.1.1.8	36	0	
98	B.1.1.10	36	4	99,100,101,102
99	L.1	98	0	
100	L.2	98	0	
101	L.3	98	0	
102	L.4	98	0	
103	B.1.1.12	36	0	
104	B.1.1.13	36	0	
105	B.1.1.14	36	0	
106	B.1.1.15	36	0	
107	B.1.1.16	36	0	
108	B.1.1.17	36	0	
109	B.1.1.25	36	4	110,111,112,113
110	D.2	109	0	
111	D.3	109	0	
112	D.4	109	0	
113	D.5	109	0	
114	B.1.1.26	36	0	
115	B.1.1.27	36	0	
116	B.1.1.28	36	7	117,140,141,142,143,144,145
117	P.1	116	17	118,119,120,121,122,123,124,126,127,128,131,132,134,135,136,137,138
118	P.1.1	117	0	
119	P.1.2	117	0	
120	P.1.3	117	0	
121	P.1.4	117	0	
122	P.1.5	117	0	
123	P.1.6	117	0	
124	P.1.7	117	1	125
125	P.1.7.1	124	0	
126	P.1.8	117	0	
127	P.1.9	117	0	
128	P.1.10	117	2	129,130
129	P.1.10.1	128	0	
130	P.1.10.2	128	0	
131	P.1.11	117	0	
132	P.1.12	117	1	133
133	P.1.12.1	132	0	
134	P.1.13	117	0	
135	P.1.14	117	0	
136	P.1.15	117	0	
137	P.1.16	117	0	
138	P.1.17	117	1	139
139	P.1.17.1	138	0	
140	P.2	116	0	
141	P.3	116	0	
142	P.4	116	0	
143	P.5	116	0	
144	P.6	116	0	
145	P.7	116	0	
146	B.1.1.29	36	0	
147	B.1.1.30	36	0	
148	B.1.1.31	36	0	
149	B.1.1.33	36	10	150,151,152,153,154,155,156,157,158,159
150	N.1	149	0	
151	N.2	149	0	
152	N.3	149	0	
153	N.4	149	0	
154	N.5	149	0	
155	N.6	149	0	
156	N.7	149	0	
157	N.8	149	0	
158	N.9	149	0	
159	N.10	149	0	
160	B.1.1.34	36	0	
161	B.1.1.37	36	0	
162	B.1.1.38	36	0	
163	B.1.1.39	36	2	164,165
164	AQ.1	163	0	
165	AQ.2	163	0	
166	B.1.1.40	36	0	
167	B.1.1.41	36	0	
168	B.1.1.43	36	0	
169	B.1.1.44	36	0	
170	B.1.1.45	36	0	
171	B.1.1.46	36	0	
172	B.1.1.47	36	0	
173	B.1.1.48	36	0	
174	B.1.1.49	36	0	
175	B.1.1.50	36	0	
176	B.1.1.51	36	0	
177	B.1.1.52	36	0	
178	B.1.1.53	36	0	
179	B.1.1.54	36	0	
180	B.1.1.55	36	0	
181	B.1.1.56	36	0	
182	B.1.1.57	36	0	
183	B.1.1.58	36	0	
184	B.1.1.59	36	0	
185	B.1.1.61	36	0	
186	B.1.1.62	36	0	
187	B.1.1.63	36	0	
188	B.1.1.67	36	0	
189	B.1.1.70	36	1	190
190	AP.1	189	0	
191	B.1.1.71	36	0	
192	B.1.1.72	36	0	
193	B.1.1.74	36	0	
194	B.1.1.75	36	0	
195	B.1.1.77	36	0	
196	B.1.1.82	36	0	
197	B.1.1.83	36	0	
198	B.1.1.84	36	0	
199	B.1.1.86	36	0	
200	B.1.1.87	36	0	
201	B.1.1.88	36	0	
202	B.1.1.89	36	0	
203	B.1.1.90	36	0	
204	B.1.1.91	36	0	
205	B.1.1.92	36	0	
206	B.1.1.93	36	0	
207	B.1.1.95	36	0	
208	B.1.1.97	36	0	
209	B.1.1.98	36	0	
210	B.1.1.99	36	0	
211	B.1.1.100	36	0	
212	B.1.1.101	36	0	
213	B.1.1.107	36	0	
214	B.1.1.109	36	0	
215	B.1.1.110	36	0	
216	B.1.1.111	36	0	
217	B.1.1.112	36	0	
218	B.1.1.113	36	0	
219	B.1.1.114	36	0	
220	B.1.1.115	36	0	
221	B.1.1.116	36	0	
222	B.1.1.117	36	0	
223	B.1.1.118	36	0	
224	B.1.1.119	36	0	
225	B.1.1.120	36	0	
226	B.1.1.121	36	0	
227	B.1.1.122	36	0	
228	B.1.1.123	36	0	
229	B.1.1.125	36	0	
230	B.1.1.127	36	0	
231	B.1.1.128	36	0	
232	B.1.1.129	36	0	
233	B.1.1.130	36	0	
234	B.1.1.132	36	0	
235	B.1.1.133	36	0	
236	B.1.1.134	36	0	
237	B.1.1.135	36	0	
238	B.1.1.136	36	0	
239	B.1.1.137	36	0	
240	B.1.1.138	36	0	
241	B.1.1.139	36	0	
242	B.1.1.141	36	0	
243	B.1.1.142	36	0	
244	B.1.1.144	36	0	
245	B.1.1.145	36	0	
246	B.1.1.147	36	0	
247	B.1.1.148	36	0	
248	B.1.1.149	36	0	
249	B.1.1.152	36	0	
250	B.1.1.153	36	0	
251	B.1.1.154	36	0	
252	B.1.1.155	36	0	
253	B.1.1.157	36	0	
254	B.1.1.158	36	0	
255	B.1.1.159	36	0	
256	B.1.1.160	36	0	
257	B.1.1.161	36	0	
258	B.1.1.162	36	0	
259	B.1.1.163	36	0	
260	B.1.1.164	36	0	
261	B.1.1.165	36	0	
262	B.1.1.166	36	0	
263	B.1.1.168	36	0	
264	B.1.1.169	36	0	
265	B.1.1.170	36	0	
266	B.1.1.171	36	0	
267	B.1.1.172	36	0	
268	B.1.1.174	36	0	
269	B.1.1.175	36	0	
270	B.1.1.176	36	0	
271	B.1.1.177	36	0	
272	B.1.1.178	36	0	
273	B.1.1.180	36	0	
274	B.1.1.181	36	0	
275	B.1.1.182	36	0	
276	B.1.1.184	36	0	
277	B.1.1.185	36	0	
278	B.1.1.186	36	0	
279	B.1.1.187	36	0	
280	B.1.1.189	36	0	
281	B.1.1.190	36	0	
282	B.1.1.191	36	0	
283	B.1.1.192	36	0	
284	B.1.1.193	36	0	
285	B.1.1.194	36	0	
286	B.1.1.196	36	0	
287	B.1.1.197	36	0	
288	B.1.1.198	36	0	
289	B.1.1.200	36	1	290
290	AN.1	289	0	
291	B.1.1.201	36	0	
292	B.1.1.202	36	0	
293	B.1.1.203	36	0	
294	B.1.1.204	36	0	
295	B.1.1.205	36	0	
296	B.1.1.207	36	0	
297	B.1.1.208	36	0	
298	B.1.1.209	36	0	
299	B.1.1.210	36	0	
300	B.1.1.213	36	0	
301	B.1.1.214	36	0	
302	B.1.1.216	36	4	303,304,305,306
303	AM.1	302	0	
304	AM.2	302	0	
305	AM.3	302	0	
306	AM.4	302	0	
307	B.1.1.217	36	1	308
308	S.1	307	0	
309	B.1.1.218	36	0	
310	B.1.1.219	36	0	
311	B.1.1.220	36	0	
312	B.1.1.221	36	0	
313	B.1.1.222	36	0	
314	B.1.1.224	36	0	
315	B.1.1.225	36	0	
316	B.1.1.226	36	0	
317	B.1.1.227	36	0	
318	B.1.1.228	36	0	
319	B.1.1.231	36	1	320
320	AL.1	319	0	
321	B.1.1.232	36	2	322,323
322	AK.1	321	0	
323	AK.2	321	0	
324	B.1.1.234	36	0	
325	B.1.1.236	36	0	
326	B.1.1.237	36	0	
327	B.1.1.239	36	0	
328	B.1.1.241	36	3	329,330,331
329	AH.1	328	0	
330	AH.2	328	0	
331	AH.3	328	0	
332	B.1.1.240	36	1	333
333	AJ.1	332	0	
334	B.1.1.242	36	0	
335	B.1.1.243	36	0	
336	B.1.1.244	36	0	
337	B.1.1.249	36	0	
338	B.1.1.251	36	0	
339	B.1.1.253	36	0	
340	B.1.1.254	36	0	
341	B.1.1.255	36	0	
342	B.1.1.256	36	0	
343	B.1.1.258	36	0	
344	B.1.1.261	36	0	
345	B.1.1.257	36	0	
346	B.1.1.262	36	0	
347	B.1.1.263	36	0	
348	B.1.1.265	36	0	
349	B.1.1.266	36	0	
350	B.1.1.267	36	0	
351	B.1.1.268	36	0	
352	B.1.1.269	36	0	
353	B.1.1.270	36	0	
354	B.1.1.271	36	0	
355	B.1.1.272	36	0	
356	B.1.1.273	36	0	
357	B.1.1.274	36	0	
358	B.1.1.275	36	0	
359	B.1.1.277	36	3	360,361,362
360	K.1	359	0	
361	K.2	359	0	
362	K.3	359	0	
363	B.1.1.279	36	0	
364	B.1.1.280	36	0	
365	B.1.1.282	36	0	
366	B.1.1.283	36	0	
367	B.1.1.284	36	0	
368	B.1.1.285	36	0	
369	B.1.1.286	36	0	
370	B.1.1.288	36	0	
371	B.1.1.289	36	0	
372	B.1.1.290	36	0	
373	B.1.1.291	36	0	
374	B.1.1.294	36	3	375,376,377
375	M.1	374	0	
376	M.2	374	0	
377	M.3	374	0	
378	B.1.1.296	36	0	
379	B.1.1.297	36	1	380
380	AG.1	379	0	
381	B.1.1.298	36	0	
382	B.1.1.299	36	0	
383	B.1.1.300	36	0	
384	B.1.1.301	36	0	
385	B.1.1.302	36	0	
386	B.1.1.303	36	0	
387	B.1.1.304	36	0	
388	B.1.1.305	36	1	389
389	AF.1	388	0	
390	B.1.1.306	36	8	391,392,393,394,395,396,397,398
391	AE.1	390	0	
392	AE.2	390	0	
393	AE.3	390	0	
394	AE.4	390	0	
395	AE.5	390	0	
396	AE.6	390	0	
397	AE.7	390	0	
398	AE.8	390	0	
399	B.1.1.307	36	0	
400	B.1.1.308	36	0	
401	B.1.1.309	36	0	
402	B.1.1.310	36	0	
403	B.1.1.311	36	0	
404	B.1.1.312	36	0	
405	B.1.1.315	36	2	406,407
406	AD.1	405	0	
407	AD.2	405	1	408
408	AD.2.1	407	0	
409	B.1.1.316	36	2	410,411
410	R.1	409	0	
411	R.2	409	0	
412	B.1.1.317	36	2	413,414
413	AS.1	412	0	
414	AS.2	412	0	
415	B.1.1.318	36	6	416,417,419,420,421,422
416	AZ.1	415	0	
417	AZ.2	415	1	418
418	AZ.2.1	417	0	
419	AZ.3	415	0	
420	AZ.4	415	0	
421	AZ.5	415	0	
422	AZ.6	415	0	
423	B.1.1.319	36	0	
424	B.1.1.320	36	0	
425	B.1.1.322	36	0	
426	B.1.1.323	36	0	
427	B.1.1.324	36	0	
428	B.1.1.325	36	0	
429	B.1.1.326	36	0	
430	B.1.1.327	36	0	
431	B.1.1.328	36	0	
432	B.1.1.329	36	0	
433	B.1.1.330	36	0	
434	B.1.1.331	36	0	
435	B.1.1.332	36	0	
436	B.1.1.333	36	0	
437	B.1.1.334	36	0	
438	B.1.1.335	36	0	
439	B.1.1.336	36	0	
440	B.1.1.337	36	0	
441	B.1.1.338	36	0	
442	B.1.1.339	36	0	
443	B.1.1.340	36	0	
444	B.1.1.341	36	0	
445	B.1.1.342	36	0	
446	B.1.1.343	36	0	
447	B.1.1.344	36	0	
448	B.1.1.345	36	0	
449	B.1.1.346	36	0	
450	B.1.1.347	36	0	
451	B.1.1.348	36	0	
452	B.1.1.349	36	0	
453	B.1.1.350	36	0	
454	B.1.1.351	36	0	
455	B.1.1.352	36	0	
456	B.1.1.353	36	0	
457	B.1.1.354	36	0	
458	B.1.1.355	36	0	
459	B.1.1.356	36	0	
460	B.1.1.357	36	0	
461	B.1.1.358	36	0	
462	B.1.1.359	36	0	
463	B.1.1.360	36	0	
464	B.1.1.361	36	0	
465	B.1.1.362	36	0	
466	B.1.1.363	36	0	
467	B.1.1.364	36	0	
468	B.1.1.365	36	0	
469	B.1.1.366	36	0	
470	B.1.1.367	36	0	
471	B.1.1.368	36	0	
472	B.1.1.369	36	0	
473	B.1.1.370	36	1	474
474	AT.1	473	0	
475	B.1.1.371	36	0	
476	B.1.1.372	36	0	
477	B.1.1.373	36	0	
478	B.1.1.374	36	0	
479	B.1.1.375	36	0	
480	B.1.1.376	36	0	
481	B.1.1.377	36	0	
482	B.1.1.378	36	0	
483	B.1.1.379	36	0	
484	B.1.1.380	36	0	
485	B.1.1.381	36	0	
486	B.1.1.382	36	0	
487	B.1.1.383	36	0	
488	B.1.1.384	36	0	
489	B.1.1.385	36	0	
490	B.1.1.386	36	0	
491	B.1.1.387	36	0	
492	B.1.1.388	36	0	
493	B.1.1.389	36	0	
494	B.1.1.391	36	0	
495	B.1.1.392	36	0	
496	B.1.1.393	36	0	
497	B.1.1.394	36	0	
498	B.1.1.395	36	0	
499	B.1.1.396	36	0	
500	B.1.1.397	36	0	
501	B.1.1.398	36	0	
502	B.1.1.399	36	0	
503	B.1.1.400	36	0	
504	B.1.1.401	36	0	
505	B.1.1.402	36	0	
506	B.1.1.403	36	0	
507	B.1.1.404	36	0	
508	B.1.1.405	36	1	509
509	AC.1	508	0	
510	B.1.1.406	36	0	
511	B.1.1.407	36	0	
512	B.1.1.408	36	0	
513	B.1.1.409	36	0	
514	B.1.1.410	36	0	
515	B.1.1.411	36	0	
516	B.1.1.412	36	0	
517	B.1.1.413	36	0	
518	B.1.1.414	36	0	
519	B.1.1.415	36	0	
520	B.1.1.416	36	0	
521	B.1.1.417	36	0	
522	B.1.1.418	36	0	
523	B.1.1.419	36	0	
524	B.1.1.420	36	0	
525	B.1.1.421	36	0	
526	B.1.1.422	36	0	
527	B.1.1.423	36	0	
528	B.1.1.424	36	0	
529	B.1.1.425	36	0	
530	B.1.1.426	36	0	
531	B.1.1.427	36	0	
532	B.1.1.428	36	0	
533	B.1.1.429	36	0	
534	B.1.1.430	36	0	
535	B.1.1.431	36	0	
536	B.1.1.432	36	0	
537	B.1.1.433	36	0	
538	B.1.1.434	36	0	
539	B.1.1.435	36	0	
540	B.1.1.436	36	0	
541	B.1.1.437	36	0	
542	B.1.1.438	36	0	
543	B.1.1.440	36	0	
544	B.1.1.441	36	0	
545	B.1.1.442	36	0	
546	B.1.1.444	36	0	
547	B.1.1.445	36	0	
548	B.1.1.446	36	0	
549	B.1.1.447	36	0	
550	B.1.1.448	36	0	
551	B.1.1.449	36	0	
552	B.1.1.450	36	0	
553	B.1.1.451	36	0	
554	B.1.1.452	36	0	
555	B.1.1.453	36	0	
556	B.1.1.456	36	0	
557	B.1.1.458	36	0	
558	B.1.1.459	36	0	
559	B.1.1.461	36	0	
560	B.1.1.462	36	0	
561	B.1.1.463	36	0	
562	B.1.1.464	36	1	563
563	AW.1	562	0	
564	B.1.1.465	36	0	
565	B.1.1.466	36	0	
566	B.1.1.467	36	0	
567	B.1.1.480	36	0	
568	B.1.1.481	36	0	
569	B.1.1.482	36	1	570
570	AV.1	569	0	
571	B.1.1.483	36	0	
572	B.1.1.484	36	0	
573	B.1.1.485	36	0	
574	B.1.1.486	36	0	
575	B.1.1.487	36	0	
576	B.1.1.500	36	0	
577	B.1.1.506	36	0	
578	B.1.1.507	36	0	
579	B.1.1.512	36	0	
580	B.1.1.513	36	0	
581	B.1.1.514	36	0	
582	B.1.1.515	36	0	
583	B.1.1.516	36	0	
584	B.1.1.517	36	0	
585	B.1.1.518	36	0	
586	B.1.1.519	36	0	
587	B.1.1.521	36	0	
588	B.1.1.522	36	0	
589	B.1.1.523	36	0	
590	B.1.1.524	36	0	
591	B.1.1.525	36	0	
592	B.1.1.526	36	0	
593	B.1.1.528	36	0	
594	BA	36	5	595,651,824,826,846
595	BA.1	594	24	596,617,618,619,620,621,622,623,624,625,626,627,629,632,636,639,643,644,645,646,648,649,650,2122
596	BA.1.1	595	18	597,600,601,602,603,604,605,606,607,608,609,610,611,612,613,614,615,616
597	BA.1.1.1	596	2	598,599
598	BC.1	597	0	
599	BC.2	597	0	
600	BA.1.1.2	596	0	
601	BA.1.1.3	596	0	
602	BA.1.1.4	596	0	
603	BA.1.1.5	596	0	
604	BA.1.1.6	596	0	
605	BA.1.1.7	596	0	
606	BA.1.1.8	596	0	
607	BA.1.1.9	596	0	
608	BA.1.1.10	596	0	
609	BA.1.1.11	596	0	
610	BA.1.1.12	596	0	
611	BA.1.1.13	596	0	
612	BA.1.1.14	596	0	
613	BA.1.1.15	596	0	
614	BA.1.1.16	596	0	
615	BA.1.1.17	596	0	
616	BA.1.1.18	596	0	
617	BA.1.2	595	0	
618	BA.1.3	595	0	
619	BA.1.4	595	0	
620	BA.1.5	595	0	
621	BA.1.6	595	0	
622	BA.1.7	595	0	
623	BA.1.8	595	0	
624	BA.1.9	595	0	
625	BA.1.10	595	0	
626	BA.1.12	595	0	
627	BA.1.13	595	1	628
628	BA.1.13.1	627	0	
629	BA.1.14	595	2	630,631
630	BA.1.14.1	629	0	
631	BA.1.14.2	629	0	
632	BA.1.15	595	3	633,634,635
633	BA.1.15.1	632	0	
634	BA.1.15.2	632	0	
635	BA.1.15.3	632	0	
636	BA.1.16	595	2	637,638
637	BA.1.16.1	636	0	
638	BA.1.16.2	636	0	
639	BA.1.17	595	2	640,641
640	BA.1.17.1	639	0	
641	BA.1.17.2	639	1	642
642	BD.1	641	0	
643	BA.1.18	595	0	
644	BA.1.19	595	0	
645	BA.1.20	595	0	
646	BA.1.21	595	1	647
647	BA.1.21.1	646	0	
648	BA.1.22	595	0	
649	BA.1.23	595	0	
650	BA.1.24	595	0	
651	BA.2	594	83	652,653,655,679,680,681,682,683,684,691,697,698,708,710,711,712,713,714,715,716,717,718,719,721,722,724,725,726,727,728,729,731,732,733,734,735,736,737,741,742,744,745,746,747,748,749,750,751,752,753,754,755,756,757,758,759,761,762,763,764,765,766,767,768,769,770,771,772,773,774,775,776,777,778,779,815,818,819,820,821,822,823,2124
652	BA.2.1	651	0	
653	BA.2.2	651	1	654
654	BA.2.2.1	653	0	
655	BA.2.3	651	20	656,657,660,661,662,663,664,665,666,667,668,669,670,671,672,673,675,676,677,678
656	BA.2.3.1	655	0	
657	BA.2.3.2	655	1	658
658	BS.1	657	1	659
659	BS.1.1	658	0	
660	BA.2.3.3	655	0	
661	BA.2.3.4	655	0	
662	BA.2.3.5	655	0	
663	BA.2.3.6	655	0	
664	BA.2.3.7	655	0	
665	BA.2.3.8	655	0	
666	BA.2.3.9	655	0	
667	BA.2.3.10	655	0	
668	BA.2.3.11	655	0	
669	BA.2.3.12	655	0	
670	BA.2.3.13	655	0	
671	BA.2.3.14	655	0	
672	BA.2.3.15	655	0	
673	BA.2.3.16	655	1	674
674	BP.1	673	0	
675	BA.2.3.17	655	0	
676	BA.2.3.18	655	0	
677	BA.2.3.19	655	0	
678	BA.2.3.20	655	0	
679	BA.2.4	651	0	
680	BA.2.5	651	0	
681	BA.2.6	651	0	
682	BA.2.7	651	0	
683	BA.2.8	651	0	
684	BA.2.9	651	6	685,686,687,688,689,690
685	BA.2.9.1	684	0	
686	BA.2.9.2	684	0	
687	BA.2.9.3	684	0	
688	BA.2.9.4	684	0	
689	BA.2.9.5	684	0	
690	BA.2.9.6	684	0	
691	BA.2.10	651	4	692,694,695,696
692	BA.2.10.1	691	1	693
693	BJ.1	692	0	
694	BA.2.10.2	691	0	
695	BA.2.10.3	691	0	
696	BA.2.10.4	691	0	
697	BA.2.11	651	0	
698	BA.2.12	651	2	699,707
699	BA.2.12.1	698	6	700,701,702,703,704,705
700	BG.1	699	0	
701	BG.2	699	0	
702	BG.3	699	0	
703	BG.4	699	0	
704	BG.5	699	0	
705	BG.6	699	0	
706	BH.1	740	0	
707	BA.2.12.2	698	0	
708	BA.2.13	651	1	709
709	BA.2.13.1	708	0	
710	BA.2.14	651	0	
711	BA.2.15	651	0	
712	BA.2.16	651	0	
713	BA.2.17	651	0	
714	BA.2.18	651	0	
715	BA.2.19	651	0	
716	BA.2.20	651	0	
717	BA.2.21	651	0	
718	BA.2.22	651	0	
719	BA.2.23	651	1	720
720	BA.2.23.1	719	0	
721	BA.2.24	651	0	
722	BA.2.25	651	1	723
723	BA.2.25.1	722	0	
724	BA.2.26	651	0	
725	BA.2.27	651	0	
726	BA.2.28	651	0	
727	BA.2.29	651	0	
728	BA.2.30	651	0	
729	BA.2.31	651	1	730
730	BA.2.31.1	729	0	
731	BA.2.32	651	0	
732	BA.2.33	651	0	
733	BA.2.34	651	0	
734	BA.2.35	651	0	
735	BA.2.36	651	1	2123
736	BA.2.37	651	0	
737	BA.2.38	651	3	738,739,740
738	BA.2.38.1	737	0	
739	BA.2.38.2	737	0	
740	BA.2.38.3	737	1	706
741	BA.2.39	651	0	
742	BA.2.40	651	1	743
743	BA.2.40.1	742	0	
744	BA.2.41	651	0	
745	BA.2.42	651	0	
746	BA.2.43	651	0	
747	BA.2.44	651	0	
748	BA.2.45	651	0	
749	BA.2.46	651	0	
750	BA.2.47	651	0	
751	BA.2.48	651	0	
752	BA.2.49	651	0	
753	BA.2.50	651	0	
754	BA.2.51	651	0	
755	BA.2.52	651	0	
756	BA.2.53	651	0	
757	BA.2.54	651	0	
758	BA.2.55	651	0	
759	BA.2.56	651	1	760
760	BA.2.56.1	759	0	
761	BA.2.57	651	0	
762	BA.2.58	651	0	
763	BA.2.59	651	0	
764	BA.2.60	651	0	
765	BA.2.61	651	0	
766	BA.2.62	651	0	
767	BA.2.63	651	0	
768	BA.2.64	651	0	
769	BA.2.65	651	0	
770	BA.2.66	651	0	
771	BA.2.67	651	0	
772	BA.2.68	651	0	
773	BA.2.69	651	0	
774	BA.2.70	651	0	
775	BA.2.71	651	0	
776	BA.2.72	651	0	
777	BA.2.73	651	0	
778	BA.2.74	651	0	
779	BA.2.75	651	9	780,788,791,801,805,809,811,812,813
780	BA.2.75.1	779	4	781,785,786,787
781	BL.1	780	3	782,783,784
782	BL.1.1	781	0	
783	BL.1.2	781	0	
784	BL.1.3	781	0	
785	BL.2	780	0	
786	BL.3	780	0	
787	BL.4	780	0	
788	BA.2.75.2	779	2	789,790
789	CA.1	788	0	
790	CA.2	788	0	
791	BA.2.75.3	779	5	792,795,796,797,800
792	BM.1	791	1	793
793	BM.1.1	792	1	794
794	BM.1.1.1	793	0	
795	BM.2	791	0	
796	BM.3	791	0	
797	BM.4	791	1	798
798	BM.4.1	797	1	799
799	BM.4.1.1	798	0	
800	BM.5	791	0	
801	BA.2.75.4	779	3	802,803,804
802	BR.1	801	0	
803	BR.2	801	0	
804	BR.3	801	0	
805	BA.2.75.5	779	2	806,807
806	BN.1	805	0	
807	BN.2	805	1	808
808	BN.2.1	807	0	
809	BA.2.75.6	779	1	810
810	BY.1	809	0	
811	BA.2.75.7	779	0	
812	BA.2.75.8	779	0	
813	BA.2.75.9	779	1	814
814	CB.1	813	0	
815	BA.2.76	651	2	816,817
816	BA.2.76.1	815	0	
817	BA.2.76.2	815	0	
818	BA.2.77	651	0	
819	BA.2.80	651	0	
820	BA.2.81	651	0	
821	BA.2.82	651	0	
822	BA.2.83	651	0	
823	BA.2.85	651	0	
824	BA.3	594	1	825
825	BA.3.1	824	0	
826	BA.4	594	8	827,838,839,840,841,842,844,845
827	BA.4.1	826	10	828,829,830,831,832,833,834,835,836,837
828	BA.4.1.1	827	0	
829	BA.4.1.2	827	0	
830	BA.4.1.3	827	0	
831	BA.4.1.4	827	0	
832	BA.4.1.5	827	0	
833	BA.4.1.6	827	0	
834	BA.4.1.7	827	0	
835	BA.4.1.8	827	0	
836	BA.4.1.9	827	0	
837	BA.4.1.10	827	0	
838	BA.4.2	826	0	
839	BA.4.3	826	0	
840	BA.4.4	826	0	
841	BA.4.5	826	0	
842	BA.4.6	826	1	843
843	BA.4.6.1	842	0	
844	BA.4.7	826	0	
845	BA.4.8	826	0	
846	BA.5	594	10	847,878,950,973,977,981,982,983,984,2127
847	BA.5.1	846	28	848,849,850,851,852,853,854,855,856,857,859,860,861,862,863,864,865,866,867,868,869,871,872,873,874,875,876,877
848	BA.5.1.1	847	0	
849	BA.5.1.2	847	0	
850	BA.5.1.3	847	0	
851	BA.5.1.4	847	0	
852	BA.5.1.5	847	0	
853	BA.5.1.6	847	0	
854	BA.5.1.7	847	0	
855	BA.5.1.8	847	0	
856	BA.5.1.9	847	0	
857	BA.5.1.10	847	1	858
858	BK.1	857	0	
859	BA.5.1.11	847	0	
860	BA.5.1.12	847	0	
861	BA.5.1.13	847	0	
862	BA.5.1.14	847	0	
863	BA.5.1.15	847	0	
864	BA.5.1.16	847	0	
865	BA.5.1.17	847	0	
866	BA.5.1.18	847	0	
867	BA.5.1.19	847	0	
868	BA.5.1.20	847	0	
869	BA.5.1.21	847	1	870
870	BT.1	869	0	
871	BA.5.1.22	847	0	
872	BA.5.1.23	847	0	
873	BA.5.1.24	847	0	
874	BA.5.1.25	847	0	
875	BA.5.1.26	847	0	
876	BA.5.1.27	847	0	
877	BA.5.1.28	847	0	
878	BA.5.2	846	33	879,911,912,914,915,916,917,918,919,920,921,922,923,924,925,927,928,929,932,933,934,935,936,937,938,941,942,943,944,947,948,2125,2126
879	BA.5.2.1	878	28	880,882,883,885,886,887,888,890,891,892,893,894,895,896,897,898,899,900,901,902,903,904,905,906,907,908,909,910
880	BF.1	879	1	881
881	BF.1.1	880	0	
882	BF.2	879	0	
883	BF.3	879	1	884
884	BF.3.1	883	0	
885	BF.4	879	0	
886	BF.5	879	0	
887	BF.6	879	0	
888	BF.7	879	1	889
889	BF.7.1	888	0	
890	BF.8	879	0	
891	BF.9	879	0	
892	BF.10	879	0	
893	BF.11	879	0	
894	BF.12	879	0	
895	BF.13	879	0	
896	BF.14	879	0	
897	BF.15	879	0	
898	BF.16	879	0	
899	BF.17	879	0	
900	BF.18	879	0	
901	BF.19	879	0	
902	BF.20	879	0	
903	BF.21	879	0	
904	BF.22	879	0	
905	BF.23	879	0	
906	BF.24	879	0	
907	BF.25	879	0	
908	BF.26	879	0	
909	BF.27	879	0	
910	BF.28	879	0	
911	BA.5.2.2	878	0	
912	BA.5.2.3	878	1	913
913	BZ.1	912	0	
914	BA.5.2.4	878	0	
915	BA.5.2.5	878	0	
916	BA.5.2.6	878	0	
917	BA.5.2.7	878	0	
918	BA.5.2.8	878	0	
919	BA.5.2.9	878	0	
920	BA.5.2.10	878	0	
921	BA.5.2.11	878	0	
922	BA.5.2.12	878	0	
923	BA.5.2.13	878	0	
924	BA.5.2.14	878	0	
925	BA.5.2.16	878	1	926
926	BU.1	925	0	
927	BA.5.2.18	878	0	
928	BA.5.2.19	878	0	
929	BA.5.2.20	878	2	930,931
930	BV.1	929	0	
931	BV.2	929	0	
932	BA.5.2.21	878	0	
933	BA.5.2.22	878	0	
934	BA.5.2.23	878	0	
935	BA.5.2.24	878	0	
936	BA.5.2.25	878	0	
937	BA.5.2.26	878	1	940
938	BA.5.2.27	878	1	939
939	CF.1	938	0	
940	CG.1	937	0	
941	BA.5.2.28	878	0	
942	BA.5.2.29	878	0	
943	BA.5.2.30	878	0	
944	BA.5.2.31	878	2	945,946
945	CD.1	944	0	
946	CD.2	944	0	
947	BA.5.2.32	878	0	
948	BA.5.2.33	878	1	949
949	CE.1	948	0	
950	BA.5.3	846	4	951,970,971,972
951	BA.5.3.1	950	4	952,965,966,967
952	BE.1	951	3	953,960,964
953	BE.1.1	952	2	954,961
954	BE.1.1.1	953	0	
955	BQ.1	-1	4	956,957,958,959
956	BQ.1.1	955	0	
957	BQ.1.2	955	0	
958	BQ.1.3	955	0	
959	BQ.1.4	955	0	
960	BE.1.2	952	1	963
961	BE.1.1.2	953	0	
962	CC.1	-1	0	
963	BE.1.2.1	960	0	
964	BE.1.3	952	0	
965	BE.2	951	0	
966	BE.3	951	0	
967	BE.4	951	1	968
968	BE.4.1	967	1	969
969	BE.4.1.1	968	0	
970	BA.5.3.2	950	0	
971	BA.5.3.3	950	0	
972	BA.5.3.4	950	0	
973	BA.5.5	846	3	974,975,976
974	BA.5.5.1	973	0	
975	BA.5.5.2	973	0	
976	BA.5.5.3	973	0	
977	BA.5.6	846	2	978,979
978	BA.5.6.1	977	0	
979	BA.5.6.2	977	1	980
980	BW.1	979	0	
981	BA.5.7	846	0	
982	BA.5.8	846	0	
983	BA.5.9	846	0	
984	BA.5.10	846	1	985
985	BA.5.10.1	984	0	
986	B.1.2	35	0	
987	B.1.3	35	4	2128,2129,2130,2131
988	B.1.6	35	0	
989	B.1.8	35	1	2157
990	B.1.12	35	0	
991	B.1.13	35	0	
992	B.1.14	35	0	
993	B.1.22	35	1	994
994	B.1.22.1	993	0	
995	B.1.23	35	0	
996	B.1.35	35	0	
997	B.1.36	35	37	998,999,1000,1001,1002,1003,1004,1005,1006,1007,1008,1009,1010,1011,1012,1013,1014,1015,1016,1017,1018,1019,1020,1021,1022,1023,1024,1025,1026,2165,2166,2167,2168,2169,2170,2171,2172
998	B.1.36.1	997	0	
999	B.1.36.2	997	0	
1000	B.1.36.7	997	0	
1001	B.1.36.8	997	0	
1002	B.1.36.9	997	0	
1003	B.1.36.10	997	0	
1004	B.1.36.12	997	0	
1005	B.1.36.16	997	0	
1006	B.1.36.17	997	1	2173
1007	B.1.36.18	997	0	
1008	B.1.36.19	997	0	
1009	B.1.36.20	997	0	
1010	B.1.36.21	997	0	
1011	B.1.36.22	997	0	
1012	B.1.36.23	997	0	
1013	B.1.36.24	997	0	
1014	B.1.36.25	997	0	
1015	B.1.36.26	997	0	
1016	B.1.36.28	997	0	
1017	B.1.36.27	997	0	
1018	B.1.36.29	997	0	
1019	B.1.36.31	997	0	
1020	B.1.36.33	997	0	
1021	B.1.36.34	997	0	
1022	B.1.36.35	997	0	
1023	B.1.36.36	997	0	
1024	B.1.36.37	997	0	
1025	B.1.36.38	997	0	
1026	B.1.36.39	997	0	
1027	B.1.37	35	0	
1028	B.1.38	35	0	
1029	B.1.39	35	0	
1030	B.1.40	35	0	
1031	B.1.44	35	0	
1032	B.1.67	35	0	
1033	B.1.69	35	0	
1034	B.1.70	35	0	
1035	B.1.76	35	0	
1036	B.1.77	35	0	
1037	B.1.78	35	0	
1038	B.1.81	35	0	
1039	B.1.83	35	0	
1040	B.1.84	35	0	
1041	B.1.91	35	0	
1042	B.1.93	35	0	
1043	B.1.94	35	0	
1044	B.1.96	35	0	
1045	B.1.97	35	0	
1046	B.1.103	35	0	
1047	B.1.104	35	0	
1048	B.1.105	35	0	
1049	B.1.106	35	0	
1050	B.1.108	35	0	
1051	B.1.110	35	3	1052,1053,1054
1052	B.1.110.1	1051	0	
1053	B.1.110.2	1051	0	
1054	B.1.110.3	1051	0	
1055	B.1.111	35	0	
1056	B.1.112	35	0	
1057	B.1.113	35	0	
1058	B.1.115	35	0	
1059	B.1.116	35	0	
1060	B.1.117	35	0	
1061	B.1.118	35	0	
1062	B.1.119	35	0	
1063	B.1.120	35	0	
1064	B.1.124	35	0	
1065	B.1.126	35	0	
1066	B.1.127	35	0	
1067	B.1.128	35	0	
1068	B.1.131	35	0	
1069	B.1.134	35	0	
1070	B.1.137	35	0	
1071	B.1.139	35	0	
1072	B.1.140	35	0	
1073	B.1.142	35	0	
1074	B.1.143	35	0	
1075	B.1.145	35	0	
1076	B.1.146	35	0	
1077	B.1.147	35	0	
1078	B.1.149	35	0	
1079	B.1.151	35	0	
1080	B.1.153	35	0	
1081	B.1.157	35	0	
1082	B.1.158	35	0	
1083	B.1.159	35	0	
1084	B.1.160	35	32	1085,1086,1087,1088,1089,1090,1091,1092,1093,1094,1096,1097,1098,1099,1100,1101,1102,1103,1104,1105,1106,1107,1108,1109,1110,1111,1112,2198,2199,2200,2201,2202
1085	B.1.160.7	1084	0	
1086	B.1.160.8	1084	0	
1087	B.1.160.9	1084	0	
1088	B.1.160.10	1084	0	
1089	B.1.160.11	1084	0	
1090	B.1.160.12	1084	0	
1091	B.1.160.13	1084	0	
1092	B.1.160.14	1084	0	
1093	B.1.160.15	1084	0	
1094	B.1.160.16	1084	1	1095
1095	AB.1	1094	0	
1096	B.1.160.17	1084	0	
1097	B.1.160.18	1084	0	
1098	B.1.160.19	1084	0	
1099	B.1.160.20	1084	0	
1100	B.1.160.21	1084	0	
1101	B.1.160.22	1084	0	
1102	B.1.160.23	1084	0	
1103	B.1.160.24	1084	0	
1104	B.1.160.25	1084	0	
1105	B.1.160.26	1084	0	
1106	B.1.160.27	1084	0	
1107	B.1.160.28	1084	0	
1108	B.1.160.29	1084	0	
1109	B.1.160.30	1084	0	
1110	B.1.160.31	1084	0	
1111	B.1.160.32	1084	0	
1112	B.1.160.33	1084	0	
1113	B.1.161	35	0	
1114	B.1.162	35	0	
1115	B.1.163	35	0	
1116	B.1.164	35	0	
1117	B.1.165	35	0	
1118	B.1.166	35	0	
1119	B.1.167	35	0	
1120	B.1.168	35	0	
1121	B.1.169	35	0	
1122	B.1.170	35	0	
1123	B.1.173	35	0	
1124	B.1.177	35	85	1125,1126,1127,1128,1129,1130,1131,1132,1133,1134,1135,1136,1137,1146,1147,1148,1149,1150,1151,1152,1153,1154,1155,1156,1157,1158,1159,1160,1161,1162,1163,1164,1165,1166,1167,1168,1169,1170,1171,1172,1173,1174,1175,1176,1177,1178,1179,1181,1182,1184,1189,1192,1193,1194,1195,1196,1197,1201,1202,1203,1204,1205,1206,1207,1208,1209,1210,1211,1212,1213,1214,1215,1216,1217,1218,1219,1220,1221,1222,1223,1224,1225,1226,1227,1228
1125	B.1.177.2	1124	0	
1126	B.1.177.3	1124	0	
1127	B.1.177.4	1124	0	
1128	B.1.177.5	1124	0	
1129	B.1.177.6	1124	0	
1130	B.1.177.7	1124	0	
1131	B.1.177.8	1124	0	
1132	B.1.177.9	1124	0	
1133	B.1.177.10	1124	0	
1134	B.1.177.11	1124	0	
1135	B.1.177.12	1124	0	
1136	B.1.177.14	1124	0	
1137	B.1.177.15	1124	8	1138,1139,1140,1141,1142,1143,1144,1145
1138	AA.1	1137	0	
1139	AA.2	1137	0	
1140	AA.3	1137	0	
1141	AA.4	1137	0	
1142	AA.5	1137	0	
1143	AA.6	1137	0	
1144	AA.7	1137	0	
1145	AA.8	1137	0	
1146	B.1.177.16	1124	0	
1147	B.1.177.17	1124	0	
1148	B.1.177.18	1124	0	
1149	B.1.177.19	1124	0	
1150	B.1.177.20	1124	0	
1151	B.1.177.21	1124	0	
1152	B.1.177.23	1124	0	
1153	B.1.177.24	1124	0	
1154	B.1.177.25	1124	0	
1155	B.1.177.26	1124	0	
1156	B.1.177.27	1124	0	
1157	B.1.177.28	1124	0	
1158	B.1.177.29	1124	0	
1159	B.1.177.30	1124	0	
1160	B.1.177.31	1124	0	
1161	B.1.177.32	1124	0	
1162	B.1.177.33	1124	0	
1163	B.1.177.34	1124	0	
1164	B.1.177.35	1124	0	
1165	B.1.177.36	1124	0	
1166	B.1.177.37	1124	0	
1167	B.1.177.38	1124	0	
1168	B.1.177.39	1124	0	
1169	B.1.177.40	1124	0	
1170	B.1.177.41	1124	0	
1171	B.1.177.42	1124	0	
1172	B.1.177.43	1124	0	
1173	B.1.177.44	1124	0	
1174	B.1.177.45	1124	0	
1175	B.1.177.46	1124	0	
1176	B.1.177.47	1124	0	
1177	B.1.177.48	1124	0	
1178	B.1.177.49	1124	0	
1179	B.1.177.50	1124	1	1180
1180	Z.1	1179	0	
1181	B.1.177.51	1124	0	
1182	B.1.177.52	1124	1	1183
1183	Y.1	1182	0	
1184	B.1.177.53	1124	4	1185,1186,1187,1188
1185	W.1	1184	0	
1186	W.2	1184	0	
1187	W.3	1184	0	
1188	W.4	1184	0	
1189	B.1.177.54	1124	2	1190,1191
1190	V.1	1189	0	
1191	V.2	1189	0	
1192	B.1.177.55	1124	0	
1193	B.1.177.56	1124	0	
1194	B.1.177.57	1124	0	
1195	B.1.177.58	1124	0	
1196	B.1.177.59	1124	0	
1197	B.1.177.60	1124	3	1198,1199,1200
1198	U.1	1197	0	
1199	U.2	1197	0	
1200	U.3	1197	0	
1201	B.1.177.61	1124	0	
1202	B.1.177.62	1124	0	
1203	B.1.177.63	1124	0	
1204	B.1.177.64	1124	0	
1205	B.1.177.65	1124	0	
1206	B.1.177.66	1124	0	
1207	B.1.177.67	1124	0	
1208	B.1.177.68	1124	0	
1209	B.1.177.69	1124	0	
1210	B.1.177.70	1124	0	
1211	B.1.177.71	1124	0	
1212	B.1.177.72	1124	0	
1213	B.1.177.73	1124	0	
1214	B.1.177.74	1124	0	
1215	B.1.177.75	1124	0	
1216	B.1.177.76	1124	0	
1217	B.1.177.77	1124	0	
1218	B.1.177.78	1124	0	
1219	B.1.177.80	1124	0	
1220	B.1.177.81	1124	0	
1221	B.1.177.82	1124	0	
1222	B.1.177.83	1124	0	
1223	B.1.177.84	1124	0	
1224	B.1.177.85	1124	0	
1225	B.1.177.86	1124	0	
1226	B.1.177.87	1124	0	
1227	B.1.177.88	1124	0	
1228	B.1.177.89	1124	0	
1229	B.1.178	35	0	
1230	B.1.179	35	0	
1231	B.1.180	35	0	
1232	B.1.181	35	0	
1233	B.1.182	35	0	
1234	B.1.184	35	0	
1235	B.1.187	35	0	
1236	B.1.188	35	0	
1237	B.1.189	35	0	
1238	B.1.190	35	0	
1239	B.1.192	35	0	
1240	B.1.194	35	0	
1241	B.1.195	35	0	
1242	B.1.198	35	0	
1243	B.1.199	35	0	
1244	B.1.201	35	0	
1245	B.1.203	35	0	
1246	B.1.206	35	0	
1247	B.1.205	35	0	
1248	B.1.208	35	0	
1249	B.1.210	35	0	
1250	B.1.211	35	0	
1251	B.1.212	35	0	
1252	B.1.213	35	0	
1253	B.1.214	35	4	1254,1255,1256,1257
1254	B.1.214.1	1253	0	
1255	B.1.214.2	1253	0	
1256	B.1.214.3	1253	0	
1257	B.1.214.4	1253	0	
1258	B.1.215	35	0	
1259	B.1.218	35	0	
1260	B.1.219	35	0	
1261	B.1.220	35	0	
1262	B.1.221	35	4	1263,1264,1265,1266
1263	B.1.221.1	1262	0	
1264	B.1.221.2	1262	0	
1265	B.1.221.3	1262	0	
1266	B.1.221.4	1262	0	
1267	B.1.222	35	0	
1268	B.1.223	35	0	
1269	B.1.224	35	0	
1270	B.1.225	35	0	
1271	B.1.227	35	0	
1272	B.1.229	35	0	
1273	B.1.231	35	0	
1274	B.1.232	35	0	
1275	B.1.233	35	0	
1276	B.1.234	35	0	
1277	B.1.235	35	0	
1278	B.1.236	35	0	
1279	B.1.237	35	0	
1280	B.1.238	35	0	
1281	B.1.239	35	0	
1282	B.1.240	35	2	1283,1284
1283	B.1.240.1	1282	0	
1284	B.1.240.2	1282	0	
1285	B.1.241	35	0	
1286	B.1.243	35	2	1287,1288
1287	B.1.243.1	1286	0	
1288	B.1.243.2	1286	0	
1289	B.1.242	35	0	
1290	B.1.245	35	0	
1291	B.1.247	35	0	
1292	B.1.249	35	0	
1293	B.1.248	35	0	
1294	B.1.250	35	0	
1295	B.1.251	35	0	
1296	B.1.252	35	0	
1297	B.1.254	35	0	
1298	B.1.256	35	0	
1299	B.1.258	35	21	1300,1302,1303,1304,1305,1306,1307,1308,1309,1310,1311,1312,1313,1314,1315,1316,1317,1318,1319,1320,1321
1300	B.1.258.2	1299	1	1301
1301	G.1	1300	0	
1302	B.1.258.3	1299	0	
1303	B.1.258.4	1299	0	
1304	B.1.258.5	1299	0	
1305	B.1.258.6	1299	0	
1306	B.1.258.7	1299	0	
1307	B.1.258.9	1299	0	
1308	B.1.258.10	1299	0	
1309	B.1.258.11	1299	0	
1310	B.1.258.12	1299	0	
1311	B.1.258.14	1299	0	
1312	B.1.258.15	1299	0	
1313	B.1.258.16	1299	0	
1314	B.1.258.17	1299	0	
1315	B.1.258.18	1299	0	
1316	B.1.258.19	1299	0	
1317	B.1.258.20	1299	0	
1318	B.1.258.21	1299	0	
1319	B.1.258.22	1299	0	
1320	B.1.258.23	1299	0	
1321	B.1.258.24	1299	0	
1322	B.1.260	35	0	
1323	B.1.263	35	0	
1324	B.1.264	35	1	1325
1325	B.1.264.1	1324	0	
1326	B.1.265	35	0	
1327	B.1.267	35	0	
1328	B.1.268	35	0	
1329	B.1.270	35	0	
1330	B.1.273	35	0	
1331	B.1.274	35	0	
1332	B.1.276	35	0	
1333	B.1.277	35	0	
1334	B.1.279	35	0	
1335	B.1.280	35	0	
1336	B.1.281	35	0	
1337	B.1.282	35	0	
1338	B.1.284	35	0	
1339	B.1.285	35	0	
1340	B.1.287	35	0	
1341	B.1.289	35	0	
1342	B.1.291	35	0	
1343	B.1.292	35	0	
1344	B.1.293	35	0	
1345	B.1.294	35	0	
1346	B.1.298	35	0	
1347	B.1.301	35	0	
1348	B.1.302	35	0	
1349	B.1.304	35	0	
1350	B.1.305	35	0	
1351	B.1.306	35	0	
1352	B.1.308	35	0	
1353	B.1.309	35	0	
1354	B.1.310	35	0	
1355	B.1.311	35	0	
1356	B.1.313	35	0	
1357	B.1.314	35	0	
1358	B.1.315	35	0	
1359	B.1.316	35	0	
1360	B.1.318	35	0	
1361	B.1.319	35	0	
1362	B.1.320	35	0	
1363	B.1.321	35	0	
1364	B.1.323	35	0	
1365	B.1.324	35	0	
1366	B.1.325	35	0	
1367	B.1.326	35	0	
1368	B.1.328	35	0	
1369	B.1.329	35	0	
1370	B.1.330	35	0	
1371	B.1.332	35	0	
1372	B.1.333	35	0	
1373	B.1.334	35	0	
1374	B.1.335	35	0	
1375	B.1.336	35	0	
1376	B.1.337	35	0	
1377	B.1.338	35	0	
1378	B.1.340	35	0	
1379	B.1.341	35	0	
1380	B.1.342	35	0	
1381	B.1.344	35	0	
1382	B.1.346	35	0	
1383	B.1.348	35	0	
1384	B.1.349	35	0	
1385	B.1.350	35	1	1386
1386	B.1.350.1	1385	0	
1387	B.1.351	35	4	1388,1389,1390,1391
1388	B.1.351.1	1387	0	
1389	B.1.351.2	1387	0	
1390	B.1.351.3	1387	0	
1391	B.1.351.5	1387	0	
1392	B.1.343	35	0	
1393	B.1.354	35	0	
1394	B.1.355	35	0	
1395	B.1.356	35	0	
1396	B.1.357	35	0	
1397	B.1.358	35	0	
1398	B.1.359	35	0	
1399	B.1.360	35	0	
1400	B.1.361	35	0	
1401	B.1.362	35	2	1402,1403
1402	B.1.362.1	1401	0	
1403	B.1.362.2	1401	0	
1404	B.1.363	35	0	
1405	B.1.366	35	0	
1406	B.1.367	35	0	
1407	B.1.369	35	1	1408
1408	B.1.369.1	1407	0	
1409	B.1.370	35	0	
1410	B.1.371	35	0	
1411	B.1.372	35	0	
1412	B.1.375	35	0	
1413	B.1.377	35	0	
1414	B.1.378	35	0	
1415	B.1.379	35	0	
1416	B.1.380	35	0	
1417	B.1.381	35	0	
1418	B.1.382	35	0	
1419	B.1.383	35	0	
1420	B.1.384	35	0	
1421	B.1.385	35	0	
1422	B.1.387	35	0	
1423	B.1.388	35	0	
1424	B.1.389	35	0	
1425	B.1.390	35	0	
1426	B.1.391	35	0	
1427	B.1.393	35	0	
1428	B.1.395	35	0	
1429	B.1.396	35	0	
1430	B.1.397	35	0	
1431	B.1.398	35	0	
1432	B.1.399	35	0	
1433	B.1.400	35	1	1434
1434	B.1.400.1	1433	0	
1435	B.1.401	35	0	
1436	B.1.402	35	0	
1437	B.1.403	35	0	
1438	B.1.404	35	0	
1439	B.1.405	35	0	
1440	B.1.406	35	0	
1441	B.1.407	35	0	
1442	B.1.408	35	0	
1443	B.1.409	35	0	
1444	B.1.411	35	0	
1445	B.1.413	35	0	
1446	B.1.415	35	1	1447
1447	B.1.415.1	1446	0	
1448	B.1.416	35	1	1449
1449	B.1.416.1	1448	0	
1450	B.1.417	35	0	
1451	B.1.418	35	0	
1452	B.1.420	35	0	
1453	B.1.421	35	0	
1454	B.1.422	35	0	
1455	B.1.423	35	0	
1456	B.1.424	35	0	
1457	B.1.425	35	0	
1458	B.1.426	35	0	
1459	B.1.427	35	0	
1460	B.1.428	35	3	1461,1462,1463
1461	B.1.428.1	1460	0	
1462	B.1.428.2	1460	0	
1463	B.1.428.3	1460	0	
1464	B.1.429	35	1	1465
1465	B.1.429.1	1464	0	
1466	B.1.431	35	0	
1467	B.1.432	35	0	
1468	B.1.433	35	0	
1469	B.1.434	35	0	
1470	B.1.435	35	0	
1471	B.1.436	35	0	
1472	B.1.437	35	0	
1473	B.1.438	35	4	1474,1475,1476,1477
1474	B.1.438.1	1473	0	
1475	B.1.438.2	1473	0	
1476	B.1.438.3	1473	0	
1477	B.1.438.4	1473	0	
1478	B.1.439	35	0	
1479	B.1.441	35	0	
1480	B.1.442	35	0	
1481	B.1.443	35	0	
1482	B.1.444	35	0	
1483	B.1.445	35	0	
1484	B.1.446	35	0	
1485	B.1.448	35	0	
1486	B.1.450	35	0	
1487	B.1.451	35	0	
1488	B.1.452	35	0	
1489	B.1.453	35	0	
1490	B.1.456	35	0	
1491	B.1.458	35	0	
1492	B.1.459	35	0	
1493	B.1.460	35	0	
1494	B.1.462	35	0	
1495	B.1.463	35	0	
1496	B.1.465	35	0	
1497	B.1.466	35	2	1498,1499
1498	B.1.466.1	1497	0	
1499	B.1.466.2	1497	3	1500,1501,1502
1500	AU.1	1499	0	
1501	AU.2	1499	0	
1502	AU.3	1499	0	
1503	B.1.467	35	0	
1504	B.1.468	35	0	
1505	B.1.469	35	0	
1506	B.1.470	35	0	
1507	B.1.471	35	0	
1508	B.1.473	35	0	
1509	B.1.474	35	0	
1510	B.1.475	35	0	
1511	B.1.476	35	0	
1512	B.1.478	35	0	
1513	B.1.479	35	0	
1514	B.1.480	35	0	
1515	B.1.482	35	0	
1516	B.1.483	35	0	
1517	B.1.485	35	0	
1518	B.1.486	35	0	
1519	B.1.487	35	0	
1520	B.1.488	35	0	
1521	B.1.489	35	0	
1522	B.1.490	35	0	
1523	B.1.491	35	0	
1524	B.1.492	35	0	
1525	B.1.493	35	0	
1526	B.1.494	35	0	
1527	B.1.495	35	0	
1528	B.1.496	35	0	
1529	B.1.497	35	0	
1530	B.1.498	35	0	
1531	B.1.499	35	1	1532
1532	B.1.499.1	1531	0	
1533	B.1.500	35	0	
1534	B.1.501	35	0	
1535	B.1.502	35	0	
1536	B.1.503	35	0	
1537	B.1.504	35	0	
1538	B.1.505	35	0	
1539	B.1.506	35	0	
1540	B.1.507	35	0	
1541	B.1.508	35	0	
1542	B.1.509	35	0	
1543	B.1.510	35	0	
1544	B.1.511	35	0	
1545	B.1.513	35	0	
1546	B.1.515	35	0	
1547	B.1.516	35	0	
1548	B.1.517	35	1	1549
1549	B.1.517.1	1548	0	
1550	B.1.518	35	0	
1551	B.1.520	35	0	
1552	B.1.521	35	0	
1553	B.1.523	35	0	
1554	B.1.524	35	0	
1555	B.1.525	35	0	
1556	B.1.526	35	0	
1557	B.1.527	35	0	
1558	B.1.528	35	0	
1559	B.1.529	35	0	
1560	B.1.530	35	0	
1561	B.1.531	35	0	
1562	B.1.532	35	0	
1563	B.1.533	35	0	
1564	B.1.534	35	0	
1565	B.1.535	35	0	
1566	B.1.536	35	0	
1567	B.1.537	35	0	
1568	B.1.538	35	0	
1569	B.1.539	35	0	
1570	B.1.540	35	0	
1571	B.1.541	35	0	
1572	B.1.542	35	0	
1573	B.1.543	35	0	
1574	B.1.544	35	0	
1575	B.1.545	35	0	
1576	B.1.546	35	0	
1577	B.1.547	35	0	
1578	B.1.548	35	0	
1579	B.1.549	35	0	
1580	B.1.550	35	0	
1581	B.1.551	35	0	
1582	B.1.552	35	0	
1583	B.1.554	35	0	
1584	B.1.555	35	0	
1585	B.1.556	35	0	
1586	B.1.557	35	0	
1587	B.1.558	35	0	
1588	B.1.559	35	0	
1589	B.1.560	35	0	
1590	B.1.561	35	0	
1591	B.1.562	35	0	
1592	B.1.563	35	0	
1593	B.1.564	35	1	1594
1594	B.1.564.1	1593	0	
1595	B.1.565	35	0	
1596	B.1.566	35	0	
1597	B.1.567	35	0	
1598	B.1.568	35	0	
1599	B.1.569	35	0	
1600	B.1.570	35	0	
1601	B.1.571	35	0	
1602	B.1.572	35	0	
1603	B.1.573	35	0	
1604	B.1.574	35	0	
1605	B.1.575	35	2	1606,1607
1606	B.1.575.1	1605	0	
1607	B.1.575.2	1605	0	
1608	B.1.576	35	0	
1609	B.1.577	35	0	
1610	B.1.578	35	0	
1611	B.1.579	35	0	
1612	B.1.580	35	0	
1613	B.1.581	35	0	
1614	B.1.582	35	0	
1615	B.1.585	35	0	
1616	B.1.586	35	0	
1617	B.1.587	35	0	
1618	B.1.588	35	1	1619
1619	B.1.588.1	1618	0	
1620	B.1.589	35	0	
1621	B.1.590	35	0	
1622	B.1.591	35	0	
1623	B.1.592	35	0	
1624	B.1.593	35	0	
1625	B.1.594	35	0	
1626	B.1.595	35	4	1627,1628,1629,1630
1627	B.1.595.1	1626	0	
1628	B.1.595.2	1626	0	
1629	B.1.595.3	1626	0	
1630	B.1.595.4	1626	0	
1631	B.1.596	35	1	1632
1632	B.1.596.1	1631	0	
1633	B.1.597	35	0	
1634	B.1.598	35	0	
1635	B.1.599	35	0	
1636	B.1.600	35	0	
1637	B.1.601	35	0	
1638	B.1.602	35	0	
1639	B.1.603	35	0	
1640	B.1.604	35	0	
1641	B.1.605	35	0	
1642	B.1.606	35	0	
1643	B.1.607	35	0	
1644	B.1.609	35	0	
1645	B.1.610	35	0	
1646	B.1.611	35	0	
1647	B.1.612	35	0	
1648	B.1.613	35	0	
1649	B.1.614	35	0	
1650	B.1.615	35	0	
1651	B.1.616	35	0	
1652	B.1.617	35	3	1653,1654,1900
1653	B.1.617.1	1652	0	
1654	B.1.617.2	1652	129	1655,1656,1657,1662,1685,1693,1694,1697,1698,1702,1703,1704,1705,1706,1707,1709,1710,1711,1712,1714,1715,1716,1719,1721,1727,1729,1730,1731,1734,1735,1736,1737,1740,1744,1745,1747,1748,1749,1758,1759,1760,1762,1772,1773,1774,1782,1783,1784,1785,1786,1787,1788,1789,1790,1791,1792,1793,1794,1795,1796,1797,1798,1799,1800,1801,1802,1803,1804,1805,1806,1807,1808,1809,1810,1813,1814,1815,1816,1817,1818,1819,1820,1821,1822,1823,1824,1825,1826,1827,1829,1830,1831,1832,1833,1836,1839,1840,1841,1844,1847,1848,1849,1850,1851,1852,1853,1854,1855,1859,1860,1861,1863,1864,1865,1868,1872,1874,1881,1883,1886,1888,1889,1893,1894,1895,1896,1897,1898,1899
1655	AY.1	1654	0	
1656	AY.2	1654	0	
1657	AY.3	1654	4	1658,1659,1660,1661
1658	AY.3.1	1657	0	
1659	AY.3.2	1657	0	
1660	AY.3.3	1657	0	
1661	AY.3.4	1657	0	
1662	AY.4	1654	17	1663,1664,1670,1671,1672,1673,1674,1675,1676,1677,1678,1679,1680,1681,1682,1683,1684
1663	AY.4.1	1662	0	
1664	AY.4.2	1662	5	1665,1666,1667,1668,1669
1665	AY.4.2.1	1664	0	
1666	AY.4.2.2	1664	0	
1667	AY.4.2.3	1664	0	
1668	AY.4.2.4	1664	0	
1669	AY.4.2.5	1664	0	
1670	AY.4.3	1662	0	
1671	AY.4.4	1662	0	
1672	AY.4.5	1662	0	
1673	AY.4.6	1662	0	
1674	AY.4.7	1662	0	
1675	AY.4.8	1662	0	
1676	AY.4.9	1662	0	
1677	AY.4.10	1662	0	
1678	AY.4.11	1662	0	
1679	AY.4.12	1662	0	
1680	AY.4.13	1662	0	
1681	AY.4.14	1662	0	
1682	AY.4.15	1662	0	
1683	AY.4.16	1662	0	
1684	AY.4.17	1662	0	
1685	AY.5	1654	7	1686,1687,1688,1689,1690,1691,1692
1686	AY.5.1	1685	0	
1687	AY.5.2	1685	0	
1688	AY.5.3	1685	0	
1689	AY.5.4	1685	0	
1690	AY.5.5	1685	0	
1691	AY.5.6	1685	0	
1692	AY.5.7	1685	0	
1693	AY.6	1654	0	
1694	AY.7	1654	2	1695,1696
1695	AY.7.1	1694	0	
1696	AY.7.2	1694	0	
1697	AY.8	1654	0	
1698	AY.9	1654	1	1699
1699	AY.9.2	1698	2	1700,1701
1700	AY.9.2.1	1699	0	
1701	AY.9.2.2	1699	0	
1702	AY.10	1654	0	
1703	AY.11	1654	0	
1704	AY.13	1654	0	
1705	AY.14	1654	0	
1706	AY.15	1654	0	
1707	AY.16	1654	1	1708
1708	AY.16.1	1707	0	
1709	AY.17	1654	0	
1710	AY.18	1654	0	
1711	AY.19	1654	0	
1712	AY.20	1654	1	1713
1713	AY.20.1	1712	0	
1714	AY.21	1654	0	
1715	AY.22	1654	0	
1716	AY.23	1654	2	1717,1718
1717	AY.23.1	1716	0	
1718	AY.23.2	1716	0	
1719	AY.24	1654	1	1720
1720	AY.24.1	1719	0	
1721	AY.25	1654	3	1722,1725,1726
1722	AY.25.1	1721	2	1723,1724
1723	AY.25.1.1	1722	0	
1724	AY.25.1.2	1722	0	
1725	AY.25.2	1721	0	
1726	AY.25.3	1721	0	
1727	AY.26	1654	1	1728
1728	AY.26.1	1727	0	
1729	AY.27	1654	0	
1730	AY.28	1654	0	
1731	AY.29	1654	2	1732,1733
1732	AY.29.1	1731	0	
1733	AY.29.2	1731	0	
1734	AY.30	1654	0	
1735	AY.31	1654	0	
1736	AY.32	1654	0	
1737	AY.33	1654	2	1738,1739
1738	AY.33.1	1737	0	
1739	AY.33.2	1737	0	
1740	AY.34	1654	2	1741,1743
1741	AY.34.1	1740	1	1742
1742	AY.34.1.1	1741	0	
1743	AY.34.2	1740	0	
1744	AY.35	1654	0	
1745	AY.36	1654	1	1746
1746	AY.36.1	1745	0	
1747	AY.37	1654	0	
1748	AY.38	1654	0	
1749	AY.39	1654	4	1750,1755,1756,1757
1750	AY.39.1	1749	4	1751,1752,1753,1754
1751	AY.39.1.1	1750	0	
1752	AY.39.1.2	1750	0	
1753	AY.39.1.3	1750	0	
1754	AY.39.1.4	1750	0	
1755	AY.39.2	1749	0	
1756	AY.39.3	1749	0	
1757	AY.39.4	1749	0	
1758	AY.40	1654	0	
1759	AY.41	1654	0	
1760	AY.42	1654	1	1761
1761	AY.42.1	1760	0	
1762	AY.43	1654	9	1763,1764,1765,1766,1767,1768,1769,1770,1771
1763	AY.43.1	1762	0	
1764	AY.43.2	1762	0	
1765	AY.43.3	1762	0	
1766	AY.43.4	1762	0	
1767	AY.43.5	1762	0	
1768	AY.43.6	1762	0	
1769	AY.43.7	1762	0	
1770	AY.43.8	1762	0	
1771	AY.43.9	1762	0	
1772	AY.44	1654	0	
1773	AY.45	1654	0	
1774	AY.46	1654	6	1775,1776,1777,1778,1779,1780
1775	AY.46.1	1774	0	
1776	AY.46.2	1774	0	
1777	AY.46.3	1774	0	
1778	AY.46.4	1774	0	
1779	AY.46.5	1774	0	
1780	AY.46.6	1774	1	1781
1781	AY.46.6.1	1780	0	
1782	AY.47	1654	0	
1783	AY.48	1654	0	
1784	AY.49	1654	0	
1785	AY.50	1654	0	
1786	AY.51	1654	0	
1787	AY.52	1654	0	
1788	AY.53	1654	0	
1789	AY.54	1654	0	
1790	AY.55	1654	0	
1791	AY.56	1654	0	
1792	AY.57	1654	0	
1793	AY.58	1654	0	
1794	AY.59	1654	0	
1795	AY.60	1654	0	
1796	AY.61	1654	0	
1797	AY.62	1654	0	
1798	AY.63	1654	0	
1799	AY.64	1654	0	
1800	AY.65	1654	0	
1801	AY.66	1654	0	
1802	AY.67	1654	0	
1803	AY.68	1654	0	
1804	AY.69	1654	0	
1805	AY.70	1654	0	
1806	AY.71	1654	0	
1807	AY.72	1654	0	
1808	AY.73	1654	0	
1809	AY.74	1654	0	
1810	AY.75	1654	2	1811,1812
1811	AY.75.2	1810	0	
1812	AY.75.3	1810	0	
1813	AY.76	1654	0	
1814	AY.77	1654	0	
1815	AY.78	1654	0	
1816	AY.79	1654	0	
1817	AY.80	1654	0	
1818	AY.81	1654	0	
1819	AY.82	1654	0	
1820	AY.83	1654	0	
1821	AY.84	1654	0	
1822	AY.85	1654	0	
1823	AY.86	1654	0	
1824	AY.87	1654	0	
1825	AY.88	1654	0	
1826	AY.90	1654	0	
1827	AY.91	1654	1	1828
1828	AY.91.1	1827	0	
1829	AY.92	1654	0	
1830	AY.93	1654	0	
1831	AY.94	1654	0	
1832	AY.95	1654	0	
1833	AY.98	1654	1	1834
1834	AY.98.1	1833	1	1835
1835	AY.98.1.1	1834	0	
1836	AY.99	1654	2	1837,1838
1837	AY.99.1	1836	0	
1838	AY.99.2	1836	0	
1839	AY.100	1654	0	
1840	AY.101	1654	0	
1841	AY.102	1654	2	1842,1843
1842	AY.102.1	1841	0	
1843	AY.102.2	1841	0	
1844	AY.103	1654	2	1845,1846
1845	AY.103.1	1844	0	
1846	AY.103.2	1844	0	
1847	AY.104	1654	0	
1848	AY.105	1654	0	
1849	AY.106	1654	0	
1850	AY.107	1654	0	
1851	AY.108	1654	0	
1852	AY.109	1654	0	
1853	AY.110	1654	0	
1854	AY.111	1654	0	
1855	AY.112	1654	3	1856,1857,1858
1856	AY.112.1	1855	0	
1857	AY.112.2	1855	0	
1858	AY.112.3	1855	0	
1859	AY.113	1654	0	
1860	AY.114	1654	0	
1861	AY.116	1654	1	1862
1862	AY.116.1	1861	0	
1863	AY.117	1654	0	
1864	AY.118	1654	0	
1865	AY.119	1654	2	1866,1867
1866	AY.119.1	1865	0	
1867	AY.119.2	1865	0	
1868	AY.120	1654	2	1869,1870
1869	AY.120.1	1868	0	
1870	AY.120.2	1868	1	1871
1871	AY.120.2.1	1870	0	
1872	AY.121	1654	1	1873
1873	AY.121.1	1872	0	
1874	AY.122	1654	6	1875,1876,1877,1878,1879,1880
1875	AY.122.1	1874	0	
1876	AY.122.2	1874	0	
1877	AY.122.3	1874	0	
1878	AY.122.4	1874	0	
1879	AY.122.5	1874	0	
1880	AY.122.6	1874	0	
1881	AY.123	1654	1	1882
1882	AY.123.1	1881	0	
1883	AY.124	1654	1	1884
1884	AY.124.1	1883	1	1885
1885	AY.124.1.1	1884	0	
1886	AY.125	1654	1	1887
1887	AY.125.1	1886	0	
1888	AY.126	1654	0	
1889	AY.127	1654	3	1890,1891,1892
1890	AY.127.1	1889	0	
1891	AY.127.2	1889	0	
1892	AY.127.3	1889	0	
1893	AY.128	1654	0	
1894	AY.129	1654	0	
1895	AY.130	1654	0	
1896	AY.131	1654	0	
1897	AY.132	1654	0	
1898	AY.133	1654	0	
1899	AY.134	1654	0	
1900	B.1.617.3	1652	0	
1901	B.1.618	35	0	
1902	B.1.619	35	1	1903
1903	B.1.619.1	1902	0	
1904	B.1.620	35	0	
1905	B.1.621	35	2	1906,1908
1906	B.1.621.1	1905	1	1907
1907	BB.2	1906	0	
1908	B.1.621.2	1905	0	
1909	B.1.622	35	0	
1910	B.1.623	35	0	
1911	B.1.625	35	0	
1912	B.1.626	35	0	
1913	B.1.627	35	0	
1914	B.1.629	35	0	
1915	B.1.630	35	0	
1916	B.1.631	35	0	
1917	B.1.632	35	0	
1918	B.1.633	35	0	
1919	B.1.634	35	0	
1920	B.1.635	35	0	
1921	B.1.636	35	0	
1922	B.1.637	35	1	1923
1923	B.1.637.1	1922	0	
1924	B.1.638	35	0	
1925	B.1.639	35	0	
1926	B.1.640	35	2	1927,1928
1927	B.1.640.1	1926	0	
1928	B.1.640.2	1926	0	
1929	B.1.641	35	0	
1930	B.1.9	35	6	1931,1932,1933,1934,1935,2158
1931	B.1.9.1	1930	0	
1932	B.1.9.2	1930	0	
1933	B.1.9.3	1930	0	
1934	B.1.9.4	1930	0	
1935	B.1.9.5	1930	0	
1936	B.3	34	1	1937
1937	B.3.1	1936	0	
1938	B.4	34	7	1939,1940,1941,1942,1943,1944,1945
1939	B.4.1	1938	0	
1940	B.4.2	1938	0	
1941	B.4.4	1938	0	
1942	B.4.5	1938	0	
1943	B.4.6	1938	0	
1944	B.4.7	1938	0	
1945	B.4.8	1938	0	
1946	B.5	34	0	
1947	B.6	34	7	1948,1949,1950,1951,1952,1953,1954
1948	B.6.1	1947	0	
1949	B.6.2	1947	0	
1950	B.6.3	1947	0	
1951	B.6.4	1947	0	
1952	B.6.5	1947	0	
1953	B.6.6	1947	0	
1954	B.6.8	1947	0	
1955	B.10	34	0	
1956	B.11	34	0	
1957	B.12	34	0	
1958	B.13	34	0	
1959	B.15	34	0	
1960	B.18	34	0	
1961	B.19	34	0	
1962	B.20	34	0	
1963	B.23	34	0	
1964	B.26	34	0	
1965	B.27	34	0	
1966	B.28	34	0	
1967	B.29	34	0	
1968	B.30	34	0	
1969	B.31	34	0	
1970	B.32	34	0	
1971	B.33	34	0	
1972	B.34	34	0	
1973	B.35	34	0	
1974	B.36	34	0	
1975	B.37	34	0	
1976	B.38	34	0	
1977	B.39	34	0	
1978	B.40	34	0	
1979	B.41	34	0	
1980	B.42	34	0	
1981	B.43	34	0	
1982	B.44	34	0	
1983	B.45	34	0	
1984	B.46	34	0	
1985	B.47	34	0	
1986	B.49	34	0	
1987	B.50	34	0	
1988	B.51	34	0	
1989	B.52	34	0	
1990	B.53	34	0	
1991	B.55	34	0	
1992	B.56	34	0	
1993	B.57	34	0	
1994	B.58	34	0	
1995	B.60	34	0	
1996	B.61	34	0	
1997	XA	-1	0	
1998	XB	-1	0	
1999	XC	-1	0	
2000	XD	-1	0	
2001	XE	-1	0	
2002	XF	-1	0	
2003	XG	-1	0	
2004	XH	-1	0	
2005	XJ	-1	0	
2006	XK	-1	0	
2007	XL	-1	0	
2008	XM	-1	0	
2009	XN	-1	0	
2010	XP	-1	0	
2011	XQ	-1	0	
2012	XR	-1	0	
2013	XS	-1	0	
2014	XT	-1	0	
2015	XU	-1	0	
2016	XV	-1	0	
2017	XW	-1	0	
2018	XY	-1	0	
2019	XZ	-1	0	
2020	XAA	-1	0	
2021	XAB	-1	0	
2022	XAC	-1	0	
2023	XAD	-1	0	
2024	XAE	-1	0	
2025	XAF	-1	0	
2026	XAG	-1	0	
2027	XAH	-1	0	
2028	XAJ	-1	0	
2029	XAK	-1	0	
2030	XAL	-1	0	
2031	XAM	-1	0	
2032	XAN	-1	0	
2033	XAP	-1	0	
2034	XAQ	-1	0	
2035	XAR	-1	0	
2036	XAS	-1	0	
2037	XAT	-1	0	
2038	XAU	-1	0	
2039	XAV	-1	0	
2040	XAW	-1	0	
2041	XAY	-1	0	
2042	XAZ	-1	0	
2043	XBA	-1	0	
2044	XBB	-1	1	2045
2045	XBB.1	2044	0	
2046	XBC	-1	1	2047
2047	XBC.1	2046	0	
2048	A.2.1	2	0	
2049	A.8	0	0	
2050	A.10	0	0	
2051	A.13	0	0	
2052	A.14	0	0	
2053	A.20	0	0	
2054	B.1.1.2	36	0	
2055	B.1.1.6	36	0	
2056	B.1.1.20	36	0	
2057	B.1.1.32	36	0	
2058	B.1.1.35	36	0	
2059	B.1.1.36	36	0	
2060	B.1.1.60	36	0	
2061	B.1.1.64	36	0	
2062	B.1.1.65	36	0	
2063	B.1.1.66	36	0	
2064	B.1.1.73	36	0	
2065	B.1.1.76	36	0	
2066	B.1.1.78	36	0	
2067	B.1.1.79	36	0	
2068	B.1.1.80	36	0	
2069	B.1.1.81	36	0	
2070	B.1.1.85	36	0	
2071	B.1.1.94	36	0	
2072	B.1.1.96	36	0	
2073	B.1.1.102	36	0	
2074	B.1.1.103	36	0	
2075	B.1.1.104	36	0	
2076	B.1.1.105	36	0	
2077	B.1.1.106	36	0	
2078	B.1.1.108	36	0	
2079	B.1.1.124	36	0	
2080	B.1.1.126	36	0	
2081	B.1.1.131	36	0	
2082	B.1.1.140	36	0	
2083	B.1.1.143	36	0	
2084	B.1.1.146	36	0	
2085	B.1.1.150	36	0	
2086	B.1.1.151	36	0	
2087	B.1.1.156	36	0	
2088	B.1.1.167	36	0	
2089	B.1.1.173	36	0	
2090	B.1.1.179	36	0	
2091	B.1.1.183	36	0	
2092	B.1.1.195	36	0	
2093	B.1.1.199	36	0	
2094	B.1.1.206	36	0	
2095	B.1.1.211	36	0	
2096	B.1.1.212	36	0	
2097	B.1.1.215	36	0	
2098	B.1.1.223	36	0	
2099	B.1.1.233	36	0	
2100	B.1.1.235	36	0	
2101	B.1.1.238	36	0	
2102	B.1.1.245	36	0	
2103	B.1.1.246	36	0	
2104	B.1.1.247	36	0	
2105	B.1.1.248	36	0	
2106	B.1.1.250	36	0	
2107	B.1.1.252	36	0	
2108	B.1.1.259	36	0	
2109	B.1.1.260	36	0	
2110	B.1.1.264	36	0	
2111	B.1.1.276	36	0	
2112	B.1.1.278	36	0	
2113	B.1.1.281	36	0	
2114	B.1.1.287	36	0	
2115	B.1.1.292	36	0	
2116	B.1.1.293	36	0	
2117	B.1.1.295	36	0	
2118	B.1.1.313	36	0	
2119	B.1.1.314	36	0	
2120	B.1.1.439	36	0	
2121	B.1.1.527	36	0	
2122	BA.1.11	595	0	
2123	BA.2.36.1	735	0	
2124	BA.2.84	651	0	
2125	BA.5.2.15	878	0	
2126	BA.5.2.17	878	0	
2127	BA.5.4	846	0	
2128	B.1.3.1	987	0	
2129	B.1.3.2	987	0	
2130	B.1.3.3	987	0	
2131	B.1.3.4	987	0	
2132	B.1.5	35	24	2133,2134,2135,2136,2137,2138,2139,2140,2141,2142,2143,2144,2145,2146,2147,2148,2149,2150,2151,2152,2153,2154,2155,2156
2133	B.1.5.2	2132	0	
2134	B.1.5.5	2132	0	
2135	B.1.5.6	2132	0	
2136	B.1.5.11	2132	0	
2137	B.1.5.12	2132	0	
2138	B.1.5.13	2132	0	
2139	B.1.5.15	2132	0	
2140	B.1.5.17	2132	0	
2141	B.1.5.16	2132	0	
2142	B.1.5.18	2132	0	
2143	B.1.5.19	2132	0	
2144	B.1.5.21	2132	0	
2145	B.1.5.25	2132	0	
2146	B.1.5.26	2132	0	
2147	B.1.5.27	2132	0	
2148	B.1.5.28	2132	0	
2149	B.1.5.29	2132	0	
2150	B.1.5.30	2132	0	
2151	B.1.5.31	2132	0	
2152	B.1.5.32	2132	0	
2153	B.1.5.33	2132	0	
2154	B.1.5.34	2132	0	
2155	B.1.5.35	2132	0	
2156	B.1.5.36	2132	0	
2157	B.1.8.2	989	0	
2158	B.1.9.6	1930	0	
2159	B.1.11	35	0	
2160	B.1.19	35	0	
2161	B.1.21	35	0	
2162	B.1.25	35	0	
2163	B.1.26	35	0	
2164	B.1.34	35	0	
2165	B.1.36.3	997	0	
2166	B.1.36.4	997	0	
2167	B.1.36.5	997	0	
2168	B.1.36.6	997	0	
2169	B.1.36.11	997	0	
2170	B.1.36.13	997	0	
2171	B.1.36.14	997	0	
2172	B.1.36.15	997	0	
2173	B.1.36.17.1	1006	0	
2174	B.1.74	35	0	
2175	B.1.75	35	0	
2176	B.1.79	35	0	
2177	B.1.80	35	0	
2178	B.1.82	35	0	
2179	B.1.88	35	0	
2180	B.1.89	35	0	
2181	B.1.90	35	0	
2182	B.1.95	35	0	
2183	B.1.98	35	0	
2184	B.1.102	35	0	
2185	B.1.107	35	0	
2186	B.1.109	35	0	
2187	B.1.114	35	0	
2188	B.1.133	35	0	
2189	B.1.135	35	0	
2190	B.1.136	35	0	
2191	B.1.138	35	0	
2192	B.1.141	35	0	
2193	B.1.144	35	0	
2194	B.1.150	35	0	
2195	B.1.152	35	0	
2196	B.1.154	35	0	
2197	B.1.156	35	0	
2198	B.1.160.1	1084	0	
2199	B.1.160.2	1084	0	
2200	B.1.160.3	1084	0	
2201	B.1.160.4	1084	0	
2202	B.1.160.5	1084	0	
2203	B.1.160.6	-1	0	
