Lineage	CollectionDate5P	NewMutCount	NewMut70P	Mut70PCount	Mut70P	DMS_Infect	DMS_Escape	CountryNumber	SeqNumber	VOC	NodeInd	FatherInd	ChildNum
A.2.5	20210106	1	452R	1	452R	0.23469	82.3147611025007	23	876	Other	6	2	3
A.27	20201226	2	452R,501Y	2	452R,501Y	1.1436	102.177953547481	29	356	Other	30	0	0
C.16	20201114	1	452R	1	452R	0.23469	82.3147611025007	33	382	Other	55	37	0
C.36.3	20210329	2	346S,452R	2	346S,452R	0.55337	160.59247639148	44	709	Other	78	75	1
C.37	20210312	2	452Q,490S	2	452Q,490S	0.376	98.1736436994944	28	4601	Other	80	37	1
B.1.1.7	20210201	1	501Y	1	501Y	0.90891	19.8631924449807	146	496492	Alpha	88	36	8
L.3	20201130	1	452R	1	452R	0.23469	82.3147611025007	23	126	Other	101	98	0
P.1	20210226	3	417T,484K,501Y	3	417T,484K,501Y	0.81801	224.301480482268	59	32950	Gamma	117	116	17
P.2	20201120	1	484K	1	484K	0.27406	157.202106012546	37	3867	Other	140	116	0
B.1.1.176	20200330	1	357K	1	357K	-0.02613	14.4320727502571	4	2170	Other	270	36	0
R.1	20210126	1	484K	1	484K	0.27406	157.202106012546	31	8221	Other	410	409	0
B.1.1.318	20210216	1	484K	1	484K	0.27406	157.202106012546	51	1236	Other	415	36	6
B.1.1.519	20210113	1	478K	1	478K	0.14715	17.1223540683631	35	9454	Other	586	36	0
B.1.1.523	20210325	2	484K,494P	2	484K,494P	0.67116	185.396583902277	21	307	Other	589	36	0
B.1.1.529	20211230	8	339D,477N,478K,484A,493R,498R,501Y,505H	8	339D,477N,478K,484A,493R,498R,501Y,505H	0.16641	229.877564073353	43	936	Omicron	594	36	5
BA.1	20211220	7	371L,373P,375F,417N,440K,446S,496S	15	339D,371L,373P,375F,417N,440K,446S,477N,478K,484A,493R,496S,498R,501Y,505H	-4.24739	417.371320598322	116	117318	Omicron	595	594	24
BA.1.1	20211228	1	346K	16	339D,346K,371L,373P,375F,417N,440K,446S,477N,478K,484A,493R,496S,498R,501Y,505H	-4.08032	445.533793677102	125	286976	Omicron	596	595	18
BA.2	20220201	8	371F,373P,375F,376A,405N,408S,417N,440K	16	339D,371F,373P,375F,376A,405N,408S,417N,440K,477N,478K,484A,493R,498R,501Y,505H	-4.33378	415.165094931583	110	506532	Omicron	651	594	80
BA.2.12.1	20220419	1	452Q	17	339D,371F,373P,375F,376A,405N,408S,417N,440K,452Q,477N,478K,484A,493R,498R,501Y,505H	-4.21401	445.985837145874	70	66984	Omicron	699	698	0
BA.2.13	20220405	1	452M	17	339D,371F,373P,375F,376A,405N,408S,417N,440K,452M,477N,478K,484A,493R,498R,501Y,505H	-3.99241	431.643675316919	40	1757	Omicron	708	651	1
BA.2.18	20220316	1	417T	16	339D,371F,373P,375F,376A,405N,408S,417T,440K,477N,478K,484A,493R,498R,501Y,505H	-4.09465	403.999233722827	44	5082	Omicron	714	651	0
BA.2.24	20220331	1	339N	16	339N,371F,373P,375F,376A,405N,408S,417N,440K,477N,478K,484A,493R,498R,501Y,505H	-4.3021	415.056636818326	13	7546	Omicron	721	651	0
BA.2.35	20220322	1	452R	17	339D,371F,373P,375F,376A,405N,408S,417N,440K,452R,477N,478K,484A,493R,498R,501Y,505H	-4.23792	497.479856034084	20	203	Omicron	733	651	0
BA.2.38	20220406	1	417T	16	339D,371F,373P,375F,376A,405N,408S,417T,440K,477N,478K,484A,493R,498R,501Y,505H	-4.09465	403.999233722827	40	1682	Omicron	736	651	3
BA.2.40.1	20220324	1	417T	16	339D,371F,373P,375F,376A,405N,408S,417T,440K,477N,478K,484A,493R,498R,501Y,505H	-4.09465	403.999233722827	35	1273	Omicron	742	741	0
BA.2.44	20220331	1	371Y	16	339D,371Y,373P,375F,376A,405N,408S,417N,440K,477N,478K,484A,493R,498R,501Y,505H	-4.05495	410.11451534323	24	405	Omicron	746	651	0
BA.2.56	20220419	1	452M	17	339D,371F,373P,375F,376A,405N,408S,417N,440K,452M,477N,478K,484A,493R,498R,501Y,505H	-3.99241	431.643675316919	47	2746	Omicron	758	651	1
BA.2.74	20220608	2	346T,452M	18	339D,346T,371F,373P,375F,376A,405N,408S,417N,440K,452M,477N,478K,484A,493R,498R,501Y,505H	-3.75181	514.938481357599	22	206	Omicron	777	651	0
BA.2.75	20220629	3	339H,446S,460K	17	339H,371F,373P,375F,376A,405N,408S,417N,440K,446S,460K,477N,478K,484A,498R,501Y,505H	-4.17586	411.884104757923	30	943	Omicron	778	651	7
BA.2.76	20220606	1	346T	17	339D,346T,371F,373P,375F,376A,405N,408S,417N,440K,477N,478K,484A,493R,498R,501Y,505H	-4.09318	498.459900972264	31	1022	Omicron	800	651	2
BA.4	20220517	10	371F,373P,375F,376A,405N,408S,417N,440K,452R,486V	17	339D,371F,373P,375F,376A,405N,408S,417N,440K,452R,477N,478K,484A,486V,498R,501Y,505H	-4.91192	508.721936355086	66	13913	Omicron	809	594	8
BA.4.6	20220620	1	346T	18	339D,346T,371F,373P,375F,376A,405N,408S,417N,440K,452R,477N,478K,484A,486V,498R,501Y,505H	-4.67132	592.016742395767	48	5292	Omicron	824	809	1
BA.5	20220602	10	371F,373P,375F,376A,405N,408S,417N,440K,452R,486V	17	339D,371F,373P,375F,376A,405N,408S,417N,440K,452R,477N,478K,484A,486V,498R,501Y,505H	-4.91192	508.721936355086	68	10291	Omicron	828	594	10
B.1.36.29	20200802	1	440K	1	440K	0.37466	26.996502074007	16	1139	Other	947	926	0
B.1.160	20200911	1	477N	1	477N	0.73756	15.6125700619526	63	16709	Other	1013	35	33
B.1.258	20200921	1	439K	1	439K	0.24777	30.5122130129087	46	6754	Other	1228	35	24
B.1.351	20210114	3	417N,484K,501Y	3	417N,484K,501Y	0.70115	235.467341691024	89	7694	Beta	1316	35	5
B.1.427	20201212	1	452R	1	452R	0.23469	82.3147611025007	22	5067	Other	1388	35	0
B.1.429	20201211	1	452R	1	452R	0.23469	82.3147611025007	32	12200	Other	1393	35	1
B.1.466.2	20210109	1	439K	1	439K	0.24777	30.5122130129087	24	2095	Other	1428	1426	3
B.1.480	20201026	1	439K	1	439K	0.24777	30.5122130129087	22	283	Other	1443	35	0
B.1.525	20210127	1	484K	1	484K	0.27406	157.202106012546	61	3081	Other	1484	35	0
B.1.575	20210105	1	494P	1	494P	0.3971	28.194477889731	26	955	Other	1534	35	2
B.1.617.2	20210517	1	478K	2	452R,478K	0.38184	99.4371151708638	139	116602	Delta	1583	1581	134
AY.1	20210512	1	417N	3	417N,452R,478K	-0.05542	157.839158404361	38	735	Delta	1584	1583	0
AY.29.2	20210906	1	414R	3	414R,452R,478K	0.38646	123.019582322906	2	2083	Delta	1662	1660	0
AY.41	20210730	1	477I	3	452R,477I,478K	0.0502100000000001	118.804697829766	26	1207	Delta	1688	1583	0
AY.122.2	20210713	1	411S	3	411S,452R,478K	0.11966	124.999752164367	16	1957	Delta	1805	1803	0
AY.122.6	20211022	1	484A	3	452R,478K,484A	0.32827	165.14084374856	25	544	Delta	1809	1803	0
AY.133	20211106	1	499R	3	452R,478K,499R	-0.33753	177.267593169573	20	180	Delta	1827	1583	0
B.1.620	20210402	2	477N,484K	2	477N,484K	1.01162	172.814676074499	23	550	Other	1833	35	0
B.1.621	20210421	3	346K,484K,501Y	3	346K,484K,501Y	1.28452	205.227771536307	39	4340	Other	1834	35	2
B.1.637	20210201	1	452R	1	452R	0.23469	82.3147611025007	26	3065	Other	1851	35	1
